term	pvalue
Reported Gender	0.5568443155684432
Reported Race	9.999000099990002e-5
Reported Ethnicity	9.999000099990002e-5
Cancer Group	2.9997000299970003e-4
Extent of Tumor Resection	0.1040895910408959
Age at Diagnosis	0.02728395020720375
Age at Chemo Start	0.2347168130364729
Age at Radiation Start	0.5839063030218928
