term	pvalue
Reported Gender	0.5603439656034397
Reported Race	9.999000099990002e-5
Reported Ethnicity	9.999000099990002e-5
Cancer Group	9.999000099990002e-5
Extent of Tumor Resection	0.10368963103689631
Age at Diagnosis	0.02728395020720375
Age at Chemo Start	0.2347168130364729
Age at Radiation Start	0.5839063030218928
