term	pvalue
Reported Gender	0.5653434656534346
Reported Race	9.999000099990002e-5
Reported Ethnicity	9.999000099990002e-5
Cancer Group	5.999400059994001e-4
Extent of Tumor Resection	0.10318968103189681
Age at Diagnosis	0.02728395020720375
Age at Chemo Start	0.2347168130364729
Age at Radiation Start	0.5839063030218928
