term	pvalue
Reported Gender	0.5552444755524447
Reported Race	9.999000099990002e-5
Reported Ethnicity	9.999000099990002e-5
Cancer Group	3.9996000399960006e-4
Extent of Tumor Resection	0.101989801019898
Age at Diagnosis	0.02728395020720375
Age at Chemo Start	0.2347168130364728
Age at Radiation Start	0.5839063030218928
